{
  "_comment": "Central alias registry: OddsAPI / external stray names → canonical (data/mapping/canonical_teams.csv)",
  "_iron_law": "NO fuzzy key matching across geographic boundaries. Two clubs named 'Wanderers' or 'City' in different nations will hallucinate models.",

  "Tottenham Hotspur": "Tottenham",
  "Spurs": "Tottenham",
  "Wolverhampton Wanderers": "Wolves",
  "Wolverhampton": "Wolves",
  "Leicester City": "Leicester",
  "Newcastle United": "Newcastle",
  "Nottingham Forest": "Nott'm Forest",
  "Nottm Forest": "Nott'm Forest",
  "West Ham United": "West Ham",
  "Crystal Palace FC": "Crystal Palace",
  "Everton FC": "Everton",
  "AFC Bournemouth": "Bournemouth",
  "Fulham FC": "Fulham",
  "Brentford FC": "Brentford",
  "Burnley FC": "Burnley",
  "Luton Town": "Luton",
  "Sheffield Utd": "Sheffield United",
  "Sheffield United FC": "Sheffield United",
  "Arsenal FC": "Arsenal",
  "Chelsea FC": "Chelsea",
  "Liverpool FC": "Liverpool",
  "Southampton FC": "Southampton",
  "Aston Villa FC": "Aston Villa",
  "Leeds United": "Leeds",
  "Norwich City": "Norwich",
  "Watford FC": "Watford",

  "Atletico Madrid": "Ath Madrid",
  "Atlético Madrid": "Ath Madrid",
  "Atlético de Madrid": "Ath Madrid",
  "Athletic Club": "Ath Bilbao",
  "Athletic Club Bilbao": "Ath Bilbao",
  "Real Sociedad": "Sociedad",
  "Deportivo Alavés": "Alaves",
  "Deportivo Alaves": "Alaves",
  "CD Leganés": "Leganes",
  "CD Leganes": "Leganes",
  "RCD Espanyol": "Espanol",
  "RCD Mallorca": "Mallorca",
  "UD Las Palmas": "Las Palmas",
  "Real Valladolid": "Valladolid",

  "Borussia Dortmund": "Dortmund",
  "Borussia Monchengladbach": "M'gladbach",
  "Borussia Mönchengladbach": "M'gladbach",
  "Bayern München": "Bayern Munich",
  "FC Bayern Munich": "Bayern Munich",
  "FC Bayern München": "Bayern Munich",
  "Eintracht Frankfurt": "Ein Frankfurt",
  "VfB Stuttgart": "Stuttgart",
  "VfL Wolfsburg": "Wolfsburg",
  "TSG Hoffenheim": "Hoffenheim",
  "SC Freiburg": "Freiburg",
  "FC Augsburg": "Augsburg",
  "1. FC Union Berlin": "Union Berlin",
  "SV Werder Bremen": "Werder Bremen",
  "RB Leipzig": "RB Leipzig",
  "1. FSV Mainz 05": "Mainz",
  "VfL Bochum": "Bochum",
  "Holstein Kiel": "Holstein Kiel",
  "FC St. Pauli 1910": "St Pauli",

  "AC Milan": "Milan",
  "AS Roma": "Roma",
  "SS Lazio": "Lazio",
  "Inter Milan": "Inter",
  "Internazionale": "Inter",
  "FC Internazionale Milano": "Inter",
  "Juventus FC": "Juventus",
  "ACF Fiorentina": "Fiorentina",
  "US Lecce": "Lecce",
  "Genoa CFC": "Genoa",
  "Venezia FC": "Venezia",
  "US Salernitana 1919": "Salernitana",
  "UC Sampdoria": "Sampdoria",
  "Cagliari Calcio": "Cagliari",
  "US Sassuolo Calcio": "Sassuolo",
  "Torino FC": "Torino",
  "Udinese Calcio": "Udinese",
  "Bologna FC 1909": "Bologna",
  "Empoli FC": "Empoli",
  "Parma Calcio 1913": "Parma",
  "Monza": "Monza",

  "Paris Saint-Germain FC": "Paris SG",
  "PSG": "Paris SG",
  "Olympique Marseille": "Marseille",
  "OGC Nice": "Nice",
  "RC Strasbourg Alsace": "Strasbourg",
  "Stade Brestois 29": "Brest",
  "Stade de Reims": "Reims",
  "Stade Rennais FC": "Rennes",
  "FC Nantes": "Nantes",
  "LOSC Lille": "Lille",
  "AJ Auxerre": "Auxerre",
  "Angers SCO": "Angers",
  "Le Havre AC": "Le Havre",
  "Montpellier HSC": "Montpellier",
  "AS Saint-Étienne": "St Etienne",
  "AS Saint-Etienne": "St Etienne",

  "Norwich City FC": "Norwich",
  "Sunderland AFC": "Sunderland",
  "Middlesbrough FC": "Middlesbrough",
  "Bristol City FC": "Bristol City",
  "Cardiff City": "Cardiff",
  "Millwall FC": "Millwall",
  "Plymouth Argyle": "Plymouth",
  "Swansea City AFC": "Swansea",
  "Watford": "Watford",
  "Wigan Athletic": "Wigan",
  "Huddersfield Town": "Huddersfield",
  "Barnsley FC": "Barnsley",
  "Reading FC": "Reading",
  "Rotherham United": "Rotherham"
}
